NameKey,Tag
$LowHealthAttackUp,Risk
$ExcessiveIntimidation,UnFocus
$Bullseye,Penetration
$Rage,Rage
$Rage,Hurt
$Barrier,Barrier
$NormalDamageUp,NormalShot
$WaltzDamageUp,WaltzShot
$MergeDamageUp,MergeShot
$ChokePoint,Spawn
$BigMouse,Spawn
$Diversion,Spawn
$Adrenalin,Hurt
$PeaceMaker,NormalShot
$PeaceMaker,Risk
$Avalanche,MergeShot
$Avalanche,Risk
$LuckyChance,Critical
$KillingCall,Critical
$KillingCall,Focus
$TurnTable,Critical
$TurnTable,Risk
$SnakeEyes,Gaze
$Medusa,Gaze
$Medusa,Stun
$MeanMug,Gaze
$DependencyNodeAlpha,Node
$DependencyNodeBeta,Node
$DependencyNodeGamma,Node
$DamageNode,Node
$DamageNode,Risk
$CareNode,Node
$CareNode,Risk
$EmergencyNode,Node
$EmergencyNode,Revival
$CounterStep,Blink
$Appraisal,Shop
$Fixation,Shop
$ElectricShock,WaltzShot
$ExtraConflict,AkimboConflict
$ExtraConflict,NormalShot
$FocusConflict,FocusConflict
$MergeConflict,MergeConflict
$WaltzConflict,WaltzConflict
$Overclock,OverClock
$Overclock,Blink