id,NameKey,UpgradeType,PlayerUnlockType,Level,Value1,Value1ParameterType,Value2,Value2ParameterType,Value3,Value3ParameterType,Value4,Value4ParameterType,Value5,Value5ParameterType,BuffId,Cost
1,$BaseDamageUp,1,0,1,1.1,1,0,0,0,0,0,0,0,0,,85
2,$BaseDamageUp,1,0,2,1.2,1,0,0,0,0,0,0,0,0,,153
3,$BaseDamageUp,1,0,3,1.4,1,0,0,0,0,0,0,0,0,,272
4,$BulletSize,3,0,1,1.1,1,0,0,0,0,0,0,0,0,,85
5,$BulletSize,3,0,2,1.2,1,0,0,0,0,0,0,0,0,,153
6,$BulletSize,3,0,3,1.4,1,0,0,0,0,0,0,0,0,,272
7,$BaseFireRate,2,0,1,0.95,1,0,0,0,0,0,0,0,0,,85
8,$BaseFireRate,2,0,2,0.9,1,0,0,0,0,0,0,0,0,,153
9,$BaseFireRate,2,0,3,0.8,1,0,0,0,0,0,0,0,0,,272
10,$Health,8,0,1,1.5,1,0,0,0,0,0,0,0,0,,85
11,$Health,8,0,2,2,1,0,0,0,0,0,0,0,0,,153
12,$Health,8,0,3,3,1,0,0,0,0,0,0,0,0,,272
13,$ComboAttackUp,9,0,1,0,0,0,0,0,0,0,0,0,0,1,85
14,$LowHealthAttackUp,9,0,1,0,0,0,0,0,0,0,0,0,0,2,85
15,$Multitasking,9,1,1,0,0,0,0,0,0,0,0,0,0,3,85
16,$Multitasking,9,1,2,0,0,0,0,0,0,0,0,0,0,4,153
17,$Multitasking,9,1,3,0,0,0,0,0,0,0,0,0,0,5,272
18,$ExcessiveIntimidation,3,0,1,1.1,1,0,0,0,0,0,0,0,0,,85
19,$ExcessiveIntimidation,3,0,2,1.3,1,0,0,0,0,0,0,0,0,,153
20,$ExcessiveIntimidation,3,0,3,1.5,1,0,0,0,0,0,0,0,0,,272
21,$ExcessiveIntimidation,3,0,4,2,1,0,0,0,0,0,0,0,0,,493
22,$ExcessiveIntimidation,3,0,5,2.5,1,0,0,0,0,0,0,0,0,,884
23,$Bullseye,39,0,1,1.3,1,0,0,0,0,0,0,0,0,,85
24,$Bullseye,39,0,2,1.5,1,0,0,0,0,0,0,0,0,,153
25,$Bullseye,39,0,3,1.5,1,0,0,0,0,0,0,0,0,,272
26,$Rage,9,0,1,0,0,0,0,0,0,0,0,0,0,9,85
27,$Rage,9,0,2,0,0,0,0,0,0,0,0,0,0,10,153
28,$Rage,9,0,3,0,0,0,0,0,0,0,0,0,0,11,272
29,$Barrier,10,0,1,0.05,1,0,0,0,0,0,0,0,0,,85
30,$Barrier,10,0,2,0.2,1,0,0,0,0,0,0,0,0,,153
31,$Barrier,10,0,3,0.5,1,0,0,0,0,0,0,0,0,,272
32,$NormalDamageUp,11,0,1,1.1,1,0,0,0,0,0,0,0,0,,85
33,$NormalDamageUp,11,0,2,1.2,1,0,0,0,0,0,0,0,0,,153
34,$NormalDamageUp,11,0,3,1.4,1,0,0,0,0,0,0,0,0,,272
35,$NormalDamageUp,11,0,4,1.6,1,0,0,0,0,0,0,0,0,,493
36,$NormalDamageUp,11,0,5,2,1,0,0,0,0,0,0,0,0,,884
37,$WaltzDamageUp,12,0,1,1.1,1,0,0,0,0,0,0,0,0,,85
38,$WaltzDamageUp,12,0,2,1.2,1,0,0,0,0,0,0,0,0,,153
39,$WaltzDamageUp,12,0,3,1.4,1,0,0,0,0,0,0,0,0,,272
40,$WaltzDamageUp,12,0,4,1.6,1,0,0,0,0,0,0,0,0,,493
41,$WaltzDamageUp,12,0,5,2,1,0,0,0,0,0,0,0,0,,884
42,$MergeDamageUp,13,0,1,1.1,1,0,0,0,0,0,0,0,0,,85
43,$MergeDamageUp,13,0,2,1.2,1,0,0,0,0,0,0,0,0,,153
44,$MergeDamageUp,13,0,3,1.4,1,0,0,0,0,0,0,0,0,,272
45,$MergeDamageUp,13,0,4,1.6,1,0,0,0,0,0,0,0,0,,493
46,$MergeDamageUp,13,0,5,2,1,0,0,0,0,0,0,0,0,,884
47,$ChokePoint,14,0,1,0.15,1,0,0,0,0,0,0,0,0,,85
48,$ChokePoint,14,0,2,0.3,1,0,0,0,0,0,0,0,0,,153
49,$ChokePoint,14,0,3,0.3,1,0,0,0,0,0,0,0,0,,272
50,$BigMouse,15,0,1,0.15,1,0,0,0,0,0,0,0,0,,85
51,$BigMouse,15,0,2,0.2,1,0,0,0,0,0,0,0,0,,153
52,$BigMouse,15,0,3,0.2,1,0,0,0,0,0,0,0,0,,272
53,$Diversion,16,0,1,0.2,1,0,0,0,0,0,0,0,0,,85
54,$Diversion,16,0,2,0.2,1,0,0,0,0,0,0,0,0,,153
55,$Diversion,16,0,3,0.35,1,0,0,0,0,0,0,0,0,,272
56,$GiantKilling,17,0,1,1,1,0,0,0,0,0,0,0,0,,85
57,$GiantKilling,17,0,2,2,1,5,1,0,0,0,0,0,0,,153
58,$GiantKilling,17,0,3,3,1,10,1,0,0,0,0,0,0,,272
59,$Dopamine,9,4,1,0,0,0,0,0,0,0,0,0,0,12,85
60,$Dopamine,9,4,2,0,0,0,0,0,0,0,0,0,0,13,153
61,$Dopamine,9,4,3,0,0,0,0,0,0,0,0,0,0,14,272
62,$Adrenalin,9,0,1,0,0,0,0,0,0,0,0,0,0,15,85
63,$Adrenalin,9,0,2,0,0,0,0,0,0,0,0,0,0,16,153
64,$Adrenalin,9,0,3,0,0,0,0,0,0,0,0,0,0,17,272
65,$PeaceMaker,18,0,1,6,1,0.5,1,2,2,0,0,0,0,,85
66,$PeaceMaker,18,0,2,8,1,0.5,1,2,2,0,0,0,0,,153
67,$PeaceMaker,18,0,3,10,1,0.5,1,2,2,0,0,0,0,,272
68,$Avalanche,19,4,1,2,2,0.2,1,0,0,0,0,0,0,,85
69,$LuckyChance,20,0,1,0.1,1,0,0,0,0,0,0,0,0,,85
70,$LuckyChance,20,0,2,0.2,1,0,0,0,0,0,0,0,0,,153
71,$LuckyChance,20,0,3,0.3,1,0,0,0,0,0,0,0,0,,272
72,$LuckyChance,20,0,4,0.45,1,0,0,0,0,0,0,0,0,,493
73,$LuckyChance,20,0,5,0.6,1,0,0,0,0,0,0,0,0,,884
74,$KillingCall,21,2,1,1,1,0,0,0,0,0,0,0,0,,85
75,$KillingCall,21,2,2,1.5,1,0,0,0,0,0,0,0,0,,153
76,$KillingCall,21,2,3,2,1,0,0,0,0,0,0,0,0,,272
77,$TurnTable,22,0,1,0.5,1,0,0,0,0,0,0,0,0,,85
78,$TurnTable,22,0,2,1,1,0,0,0,0,0,0,0,0,,153
79,$TurnTable,22,0,3,1.5,1,0,0,0,0,0,0,0,0,,272
80,$SnakeEyes,23,0,1,0.9,1,2,1,1,1,0,0,0,0,,85
81,$SnakeEyes,23,0,2,0.9,1,3,1,1,1,0,0,0,0,,153
82,$SnakeEyes,23,0,3,0.9,1,3,1,5,1,0,0,0,0,,272
83,$Medusa,24,0,1,1,1,2,1,0,0,0,0,0,0,,85
84,$Medusa,24,0,2,2,1,2,1,0,0,0,0,0,0,,153
85,$Medusa,24,0,3,3,1,2,1,0,0,0,0,0,0,,272
86,$MeanMug,25,0,1,1.1,1,2,1,0,0,0,0,0,0,,85
87,$MeanMug,25,0,2,1.25,1,3,1,0,0,0,0,0,0,,153
88,$MeanMug,25,0,3,1.4,1,3,1,0,0,0,0,0,0,,272
89,$DependencyNodeAlpha,26,0,1,0,0,0,0,0,0,0,0,0,0,,85
90,$DependencyNodeBeta,26,0,1,0,0,0,0,0,0,0,0,0,0,,85
91,$DependencyNodeGamma,26,0,1,0,0,0,0,0,0,0,0,0,0,,85
92,$DamageNode,27,0,1,0.15,1,0.7,2,0,0,0,0,0,0,,85
93,$CareNode,28,0,1,0.02,1,0.005,2,1,2,0,0,0,0,,85
94,$EmergencyNode,29,0,1,1,1,0,0,0,0,0,0,0,0,,85
95,$CounterStep,9,0,1,0,0,0,0,0,0,0,0,0,0,18,85
96,$CounterStep,9,0,2,0,0,0,0,0,0,0,0,0,0,19,153
97,$CounterStep,9,0,3,0,0,0,0,0,0,0,0,0,0,20,272
98,$Appraisal,30,0,1,1,1,0,0,0,0,0,0,0,0,,85
99,$Appraisal,30,0,2,2,1,0,0,0,0,0,0,0,0,,153
100,$Fixation,31,0,1,1,1,0,0,0,0,0,0,0,0,,85
101,$Fixation,31,0,2,2,1,0,0,0,0,0,0,0,0,,153
102,$Fixation,31,0,3,4,1,0,0,0,0,0,0,0,0,,272
106,$ElectricShock,33,3,1,0.5,1,0.5,1,3,1,0,0,0,0,,85
107,$ElectricShock,33,3,2,0.5,1,0.5,1,3,1,0,0,0,0,,153
108,$ElectricShock,33,3,3,1,1,0.5,1,3,1,0,0,0,0,,272
109,$ExtraConflict,34,4,1,2,1,0.5,1,0,0,0,0,0,0,,85
110,$FocusConflict,35,2,1,1.25,1,0.8,1,0,0,0,0,0,0,,85
111,$MergeConflict,36,4,1,1.5,1,1,1,0,0,0,0,0,0,,85
112,$WaltzConflict,37,3,1,1,1,0.667,1,0,0,0,0,0,0,,85
113,$Overclock,38,0,1,1,1,0,0,0,0,0,0,0,0,,85